/*!40101 SET @OLD_CHARACTER_SET_CLIENT=@@CHARACTER_SET_CLIENT */;
/*!40101 SET NAMES utf8 */;
/*!50503 SET NAMES utf8mb4 */;
/*!40103 SET @OLD_TIME_ZONE=@@TIME_ZONE */;
/*!40103 SET TIME_ZONE='+00:00' */;
/*!40014 SET @OLD_FOREIGN_KEY_CHECKS=@@FOREIGN_KEY_CHECKS, FOREIGN_KEY_CHECKS=0 */;
/*!40101 SET @OLD_SQL_MODE=@@SQL_MODE, SQL_MODE='NO_AUTO_VALUE_ON_ZERO' */;
/*!40111 SET @OLD_SQL_NOTES=@@SQL_NOTES, SQL_NOTES=0 */;


INSERT INTO `county` (`cty_id`, `cty_name`) VALUES
	(1, 'Alamance'),
	(2, 'Alexander'),
	(3, 'Alleghany'),
	(4, 'Anson'),
	(5, 'Ashe'),
	(6, 'Avery'),
	(7, 'Beaufort'),
	(8, 'Bertie'),
	(9, 'Bladen'),
	(10, 'Brunswick'),
	(11, 'Buncombe'),
	(12, 'Burke'),
	(13, 'Cabarrus'),
	(14, 'Caldwell'),
	(15, 'Camden'),
	(16, 'Carteret'),
	(17, 'Caswell'),
	(18, 'Catawba'),
	(19, 'Chatham'),
	(20, 'Cherokee'),
	(21, 'Chowan'),
	(22, 'Clay'),
	(23, 'Cleveland'),
	(24, 'Columbus'),
	(25, 'Craven'),
	(26, 'Cumberland'),
	(27, 'Currituck'),
	(28, 'Dare'),
	(29, 'Davidson'),
	(30, 'Davie'),
	(31, 'Duplin'),
	(32, 'Durham'),
	(33, 'Edgecombe'),
	(34, 'Forsyth'),
	(35, 'Franklin'),
	(36, 'Gaston'),
	(37, 'Gates'),
	(38, 'Graham'),
	(39, 'Granville'),
	(40, 'Greene'),
	(41, 'Guilford'),
	(42, 'Halifax'),
	(43, 'Harnett'),
	(44, 'Haywood'),
	(45, 'Henderson'),
	(46, 'Hertford'),
	(47, 'Hoke'),
	(48, 'Hyde'),
	(49, 'Iredell'),
	(50, 'Jackson'),
	(51, 'Johnson'),
	(52, 'Jones'),
	(53, 'Lee'),
	(54, 'Lenoir'),
	(55, 'Lincoln'),
	(56, 'Macon'),
	(57, 'Madison'),
	(58, 'Martin'),
	(59, 'McDowell'),
	(60, 'Mecklenburg'),
	(61, 'Mitchell'),
	(62, 'Montgomery'),
	(63, 'Moore'),
	(64, 'Nash'),
	(65, 'New Hanover'),
	(66, 'Northampton'),
	(67, 'Onslow'),
	(68, 'Orange'),
	(69, 'Pamilico'),
	(70, 'Pasquotank'),
	(71, 'Pender'),
	(72, 'Perquimans'),
	(73, 'Person'),
	(74, 'Pitt'),
	(75, 'Polk'),
	(76, 'Randolph'),
	(77, 'Richmond'),
	(78, 'Rithersford'),
	(79, 'Robeson'),
	(80, 'Rockingham'),
	(81, 'Rowan'),
	(82, 'Rutherford'),
	(83, 'Sampson'),
	(84, 'Scotland'),
	(85, 'Stanly'),
	(86, 'Stokes'),
	(87, 'Surry'),
	(88, 'Swain'),
	(89, 'Transylvania'),
	(90, 'Tyrrell'),
	(91, 'Union'),
	(92, 'Vance'),
	(93, 'Wake'),
	(94, 'Warren'),
	(95, 'Washington'),
	(96, 'Watauga'),
	(97, 'Wayne'),
	(98, 'Wilkes'),
	(99, 'Wilson'),
	(100, 'Yadkin'),
	(101, 'Yancey');


INSERT INTO `park` (`par_id`, `par_name`, `par_lat`, `par_lon`) VALUES
	(198, 'At Raleigh Central Headquarters', 35.78690000, -78.63870000),
	(199, 'Bald Head Island State Natural Area', 33.86160000, -77.96330000),
	(201, 'Bay Tree Lake State Natural Area', 34.67846400, -78.43053800),
	(202, 'Beech Creek Bog State Natural Area', 36.19440000, -81.85000000),
	(203, 'Bear Paw State Natural Area', 36.16075000, -81.82027000),
	(204, 'Bobs Creek State Natural Area', 35.63465700, -81.93469000),
	(205, 'Bushy Lake State Natural Area', 34.87020000, -78.68350000),
	(206, 'Bullhead Mountain State Natural Area', 36.44914500, -81.06021900),
	(207, 'Carolina Beach State Park', 34.04710000, -77.90720000),
	(208, 'Carvers Creek State Park', 35.21105250, -78.97747190),
	(209, 'Chimney Rock State Park', 35.43279900, -82.25026000),
	(210, 'Chowan Swamp State Natural Area', 36.40194200, -76.90498400),
	(211, 'Cliffs of the Neuse State Park', 35.23540000, -77.89320000),
	(213, 'Crowders Mountain State Park', 35.21331600, -81.29355500),
	(214, 'Deep River State Trail', 35.58741500, -79.18052700),
	(215, 'Dismal Swamp State Park', 36.50570000, -76.35510000),
	(217, 'Elk Knob State Park', 36.33258600, -81.69064000),
	(218, 'Eno River State Park', 36.07830000, -79.00500000),
	(219, 'Falls Lake State Recreation Area', 36.01170000, -78.68880000),
	(220, 'Fort Fisher State Recreation Area', 33.95340000, -77.92900000),
	(222, 'Fort Macon State Park', 34.69795200, -76.67834000),
	(224, 'Goose Creek State Park', 35.48185300, -76.90141400),
	(225, 'Gorges State Park', 35.09700000, -82.95220000),
	(226, 'Grandfather Mountain State Park', 36.11139000, -81.81250000),
	(227, 'Hammocks Beach State Park', 34.67100000, -77.14290000),
	(228, 'Haw River State Park', 36.25064600, -79.75636400),
	(229, 'Hanging Rock State Park', 36.41190600, -80.25412200),
	(233, 'Jones Lake State Park', 34.68274300, -78.59542300),
	(234, 'Jordan Lake State Recreation Area', 35.73690000, -79.01690000),
	(235, 'Jockey\'s Ridge State Park', 35.96420000, -75.63300000),
	(236, 'Kerr Lake State Recreation Area', 36.44110000, -78.36880000),
	(237, 'Lake James State Park', 35.72871000, -81.90112300),
	(238, 'Lake Norman State Park', 35.67254800, -80.93255230),
	(239, 'Lake Waccamaw State Park', 34.27898500, -78.46548500),
	(240, 'Lea Island State Natural Area', 34.32140000, -77.68780000),
	(242, 'Lower Haw River State Natural Area', 35.77193000, -79.14349000),
	(243, 'Lumber River State Park', 34.39002300, -79.00222500),
	(245, 'Mayo River State Park', 36.43880000, -79.93817100),
	(246, 'Merchants Millpond State Park', 36.43710500, -76.70158500),
	(247, 'Medoc Mountain State Park', 36.26390000, -77.88830000),
	(248, 'Mitchell Mill State Natural Area', 35.91530000, -78.38754000),
	(249, 'Mount Jefferson State Natural Area', 36.39766000, -81.47346600),
	(250, 'Mount Mitchell State Park', 35.75280000, -82.27370000),
	(251, 'Morrow Mountain State Park', 35.37372400, -80.07347700),
	(254, 'North Carolina Museum of Art', 35.80956080, -78.70181250),
	(255, 'New River State Park', 36.46768000, -81.34035000),
	(258, 'Occoneechee Mountain State Natural Area', 36.06083500, -79.11690000),
	(259, 'Pettigrew State Park', 35.80422600, -76.44905100),
	(260, 'Pineola Bog State Natural Area', 36.01717000, -81.89625000),
	(261, 'Pilot Mountain State Park', 36.34127600, -80.46293800),
	(264, 'Raven Rock State Park', 35.45970000, -78.91270000),
	(267, 'Run Hill State Natural Area', 35.99550000, -75.67510000),
	(268, 'Salmon Creek State Natural Area', 36.01270000, -76.71622900),
	(270, 'Sandy Run Savannas State Natural Area', 34.63084200, -77.64986500),
	(271, 'Scuppernong River State Park', 35.86147400, -76.35656800),
	(272, 'Singletary Lake State Park', 34.58310000, -78.44960000),
	(274, 'South Mountains State Park', 35.59630000, -81.60000000),
	(275, 'Stone Mountain State Park', 36.38730000, -81.02730000),
	(276, 'Sugar Mountain Bog State Natural Area', 36.08334700, -81.89565200),
	(277, 'Theodore Roosevelt State Natural Area', 34.69670000, -76.82570000),
	(278, 'Warwick Mill Bay State Natural Area', 34.56795400, -78.91943100),
	(281, 'Weymouth Woods-Sandhills Nature Preserve', 35.14690000, -79.36900000),
	(284, 'William B. Umstead State Park', 35.89050000, -78.75020000),
	(285, 'Worlds Edge State Natural Area', 35.40610000, -82.26910000),
	(287, 'Yellow Mountain State Natural Area', 35.99390000, -82.03850000),
	(288, 'Yorkshire Center', 35.96610000, -78.63280000);



INSERT INTO `park_county` (`pct_par_id`, `pct_cty_id`) VALUES
	(198, 93),
	(199, 10),
	(201, 9),
	(202, 96),
	(203, 96),
	(204, 59),
	(205, 26),
	(206, 3),
	(207, 65),
	(208, 26),
	(208, 43),
	(209, 11),
	(209, 45),
	(209, 75),
	(209, 82),
	(210, 37),
	(211, 97),
	(213, 23),
	(213, 36),
	(214, 19),
	(214, 53),
	(215, 15),
	(217, 5),
	(217, 96),
	(218, 32),
	(218, 68),
	(219, 32),
	(219, 93),
	(220, 65),
	(222, 16),
	(224, 7),
	(225, 89),
	(226, 6),
	(226, 14),
	(226, 96),
	(227, 67),
	(228, 41),
	(228, 80),
	(229, 86),
	(233, 9),
	(234, 19),
	(235, 28),
	(236, 92),
	(236, 94),
	(237, 12),
	(237, 59),
	(238, 49),
	(239, 24),
	(240, 71),
	(242, 19),
	(243, 24),
	(243, 47),
	(243, 79),
	(243, 84),
	(245, 80),
	(246, 37),
	(247, 42),
	(248, 93),
	(249, 5),
	(250, 101),
	(251, 85),
	(254, 93),
	(255, 3),
	(255, 5),
	(258, 68),
	(259, 90),
	(259, 95),
	(260, 6),
	(261, 87),
	(261, 100),
	(264, 43),
	(267, 28),
	(268, 8),
	(270, 67),
	(270, 71),
	(271, 90),
	(271, 95),
	(272, 9),
	(274, 12),
	(275, 3),
	(275, 98),
	(276, 6),
	(277, 16),
	(278, 79),
	(281, 63),
	(284, 93),
	(285, 82),
	(287, 6),
	(288, 93);


INSERT INTO `user` (`usr_id`, `usr_first_name`, `usr_last_name`, `usr_username`, `usr_password`, `usr_salt`, `usr_avatar`) VALUES
	(1, 'Stu', 'Dent', 'student', '83d9bdb5e20f3571b087db9aabf190a296741c3e864d7742f35658cfccc1b79c4599aad25084aa9a28c649a50c92244227b3e53e197621301d619d1ea01873c4', '48c8947f69c054a5caa934674ce8881d02bb18fb59d5a63eeaddff735b0e9', 'https://robohash.org/veniamdoloresenim.png?size=64x64&set=set1'),
	(2, 'Gra', 'Duate', 'graduate', 'e289219c34f9a32ebc82393f09719b7f34872de95463242b5ffe8bb4b11a5fe7d454f9f5d082c8207c5d69b220ba06624b4bb15ffa05cc7d7d53c43f9e96da6a', '801e87294783281ae49fc8287a0fd86779b27d7972d3e84f0fa0d826d7cb67dfefc', 'https://robohash.org/nullaautemin.png?size=64x64&set=set1');
